cohort_month,month_number,active_customers,cohort_size,retention_pct
2009-12-01,0,951,951,100.0
2009-12-01,1,333,951,35.0
2009-12-01,2,317,951,33.3
2009-12-01,3,404,951,42.5
2009-12-01,4,360,951,37.9
2009-12-01,5,342,951,36.0
2009-12-01,6,358,951,37.6
2009-12-01,7,327,951,34.4
2009-12-01,8,321,951,33.8
2009-12-01,9,344,951,36.2
2009-12-01,10,401,951,42.2
2009-12-01,11,472,951,49.6
2009-12-01,12,358,951,37.6
2009-12-01,13,268,951,28.2
2009-12-01,14,232,951,24.4
2009-12-01,15,288,951,30.3
2009-12-01,16,250,951,26.3
2009-12-01,17,288,951,30.3
2009-12-01,18,270,951,28.4
2009-12-01,19,246,951,25.9
2009-12-01,20,242,951,25.4
2009-12-01,21,298,951,31.3
2009-12-01,22,289,951,30.4
2009-12-01,23,386,951,40.6
2010-01-01,0,368,368,100.0
2010-01-01,1,79,368,21.5
2010-01-01,2,118,368,32.1
2010-01-01,3,116,368,31.5
2010-01-01,4,100,368,27.2
2010-01-01,5,114,368,31.0
2010-01-01,6,99,368,26.9
2010-01-01,7,86,368,23.4
2010-01-01,8,105,368,28.5
2010-01-01,9,120,368,32.6
2010-01-01,10,114,368,31.0
2010-01-01,11,66,368,17.9
2010-01-01,12,84,368,22.8
2010-01-01,13,66,368,17.9
2010-01-01,14,72,368,19.6
2010-01-01,15,56,368,15.2
2010-01-01,16,90,368,24.5
2010-01-01,17,75,368,20.4
2010-01-01,18,71,368,19.3
2010-01-01,19,74,368,20.1
2010-01-01,20,93,368,25.3
2010-01-01,21,73,368,19.8
2010-01-01,22,93,368,25.3
2010-02-01,0,375,375,100.0
2010-02-01,1,88,375,23.5
2010-02-01,2,85,375,22.7
2010-02-01,3,110,375,29.3
2010-02-01,4,92,375,24.5
2010-02-01,5,74,375,19.7
2010-02-01,6,72,375,19.2
2010-02-01,7,108,375,28.8
2010-02-01,8,96,375,25.6
2010-02-01,9,104,375,27.7
2010-02-01,10,43,375,11.5
2010-02-01,11,47,375,12.5
2010-02-01,12,57,375,15.2
2010-02-01,13,66,375,17.6
2010-02-01,14,46,375,12.3
2010-02-01,15,75,375,20.0
2010-02-01,16,60,375,16.0
2010-02-01,17,61,375,16.3
2010-02-01,18,54,375,14.4
2010-02-01,19,86,375,22.9
2010-02-01,20,86,375,22.9
2010-02-01,21,62,375,16.5
2010-03-01,0,441,441,100.0
2010-03-01,1,84,441,19.0
2010-03-01,2,102,441,23.1
2010-03-01,3,107,441,24.3
2010-03-01,4,102,441,23.1
2010-03-01,5,90,441,20.4
2010-03-01,6,109,441,24.7
2010-03-01,7,135,441,30.6
2010-03-01,8,122,441,27.7
2010-03-01,9,48,441,10.9
2010-03-01,10,51,441,11.6
2010-03-01,11,64,441,14.5
2010-03-01,12,88,441,20.0
2010-03-01,13,72,441,16.3
2010-03-01,14,88,441,20.0
2010-03-01,15,75,441,17.0
2010-03-01,16,77,441,17.5
2010-03-01,17,69,441,15.6
2010-03-01,18,78,441,17.7
2010-03-01,19,90,441,20.4
2010-03-01,20,94,441,21.3
2010-04-01,0,294,294,100.0
2010-04-01,1,56,294,19.0
2010-04-01,2,56,294,19.0
2010-04-01,3,47,294,16.0
2010-04-01,4,54,294,18.4
2010-04-01,5,65,294,22.1
2010-04-01,6,81,294,27.6
2010-04-01,7,78,294,26.5
2010-04-01,8,31,294,10.5
2010-04-01,9,32,294,10.9
2010-04-01,10,22,294,7.5
2010-04-01,11,41,294,13.9
2010-04-01,12,42,294,14.3
2010-04-01,13,46,294,15.6
2010-04-01,14,46,294,15.6
2010-04-01,15,46,294,15.6
2010-04-01,16,41,294,13.9
2010-04-01,17,44,294,15.0
2010-04-01,18,53,294,18.0
2010-04-01,19,67,294,22.8
2010-05-01,0,255,255,100.0
2010-05-01,1,40,255,15.7
2010-05-01,2,43,255,16.9
2010-05-01,3,45,255,17.6
2010-05-01,4,45,255,17.6
2010-05-01,5,65,255,25.5
2010-05-01,6,54,255,21.2
2010-05-01,7,32,255,12.5
2010-05-01,8,15,255,5.9
2010-05-01,9,21,255,8.2
2010-05-01,10,29,255,11.4
2010-05-01,11,34,255,13.3
2010-05-01,12,39,255,15.3
2010-05-01,13,39,255,15.3
2010-05-01,14,25,255,9.8
2010-05-01,15,32,255,12.5
2010-05-01,16,35,255,13.7
2010-05-01,17,42,255,16.5
2010-05-01,18,39,255,15.3
2010-06-01,0,267,267,100.0
2010-06-01,1,47,267,17.6
2010-06-01,2,50,267,18.7
2010-06-01,3,55,267,20.6
2010-06-01,4,62,267,23.2
2010-06-01,5,76,267,28.5
2010-06-01,6,34,267,12.7
2010-06-01,7,24,267,9.0
2010-06-01,8,22,267,8.2
2010-06-01,9,30,267,11.2
2010-06-01,10,28,267,10.5
2010-06-01,11,37,267,13.9
2010-06-01,12,40,267,15.0
2010-06-01,13,33,267,12.4
2010-06-01,14,30,267,11.2
2010-06-01,15,33,267,12.4
2010-06-01,16,35,267,13.1
2010-06-01,17,54,267,20.2
2010-07-01,0,185,185,100.0
2010-07-01,1,29,185,15.7
2010-07-01,2,34,185,18.4
2010-07-01,3,55,185,29.7
2010-07-01,4,54,185,29.2
2010-07-01,5,26,185,14.1
2010-07-01,6,21,185,11.4
2010-07-01,7,27,185,14.6
2010-07-01,8,27,185,14.6
2010-07-01,9,21,185,11.4
2010-07-01,10,25,185,13.5
2010-07-01,11,27,185,14.6
2010-07-01,12,24,185,13.0
2010-07-01,13,25,185,13.5
2010-07-01,14,36,185,19.5
2010-07-01,15,32,185,17.3
2010-07-01,16,44,185,23.8
2010-08-01,0,163,163,100.0
2010-08-01,1,32,163,19.6
2010-08-01,2,47,163,28.8
2010-08-01,3,53,163,32.5
2010-08-01,4,27,163,16.6
2010-08-01,5,19,163,11.7
2010-08-01,6,16,163,9.8
2010-08-01,7,21,163,12.9
2010-08-01,8,22,163,13.5
2010-08-01,9,21,163,12.9
2010-08-01,10,21,163,12.9
2010-08-01,11,19,163,11.7
2010-08-01,12,24,163,14.7
2010-08-01,13,28,163,17.2
2010-08-01,14,28,163,17.2
2010-08-01,15,32,163,19.6
2010-09-01,0,239,239,100.0
2010-09-01,1,55,239,23.0
2010-09-01,2,56,239,23.4
2010-09-01,3,31,239,13.0
2010-09-01,4,21,239,8.8
2010-09-01,5,25,239,10.5
2010-09-01,6,33,239,13.8
2010-09-01,7,23,239,9.6
2010-09-01,8,31,239,13.0
2010-09-01,9,31,239,13.0
2010-09-01,10,29,239,12.1
2010-09-01,11,24,239,10.0
2010-09-01,12,54,239,22.6
2010-09-01,13,40,239,16.7
2010-09-01,14,40,239,16.7
2010-10-01,0,375,375,100.0
2010-10-01,1,97,375,25.9
2010-10-01,2,55,375,14.7
2010-10-01,3,47,375,12.5
2010-10-01,4,33,375,8.8
2010-10-01,5,31,375,8.3
2010-10-01,6,49,375,13.1
2010-10-01,7,52,375,13.9
2010-10-01,8,40,375,10.7
2010-10-01,9,35,375,9.3
2010-10-01,10,40,375,10.7
2010-10-01,11,48,375,12.8
2010-10-01,12,72,375,19.2
2010-10-01,13,87,375,23.2
2010-11-01,0,326,326,100.0
2010-11-01,1,57,326,17.5
2010-11-01,2,31,326,9.5
2010-11-01,3,31,326,9.5
2010-11-01,4,25,326,7.7
2010-11-01,5,29,326,8.9
2010-11-01,6,42,326,12.9
2010-11-01,7,33,326,10.1
2010-11-01,8,28,326,8.6
2010-11-01,9,30,326,9.2
2010-11-01,10,36,326,11.0
2010-11-01,11,48,326,14.7
2010-11-01,12,82,326,25.2
2010-12-01,0,76,76,100.0
2010-12-01,1,7,76,9.2
2010-12-01,2,4,76,5.3
2010-12-01,3,7,76,9.2
2010-12-01,4,9,76,11.8
2010-12-01,5,5,76,6.6
2010-12-01,6,4,76,5.3
2010-12-01,7,7,76,9.2
2010-12-01,8,4,76,5.3
2010-12-01,9,2,76,2.6
2010-12-01,10,7,76,9.2
2010-12-01,11,15,76,19.7
2011-01-01,0,72,72,100.0
2011-01-01,1,12,72,16.7
2011-01-01,2,16,72,22.2
2011-01-01,3,14,72,19.4
2011-01-01,4,16,72,22.2
2011-01-01,5,11,72,15.3
2011-01-01,6,11,72,15.3
2011-01-01,7,9,72,12.5
2011-01-01,8,8,72,11.1
2011-01-01,9,15,72,20.8
2011-01-01,10,18,72,25.0
2011-02-01,0,125,125,100.0
2011-02-01,1,20,125,16.0
2011-02-01,2,20,125,16.0
2011-02-01,3,23,125,18.4
2011-02-01,4,27,125,21.6
2011-02-01,5,20,125,16.0
2011-02-01,6,20,125,16.0
2011-02-01,7,19,125,15.2
2011-02-01,8,19,125,15.2
2011-02-01,9,23,125,18.4
2011-03-01,0,179,179,100.0
2011-03-01,1,32,179,17.9
2011-03-01,2,39,179,21.8
2011-03-01,3,36,179,20.1
2011-03-01,4,40,179,22.3
2011-03-01,5,27,179,15.1
2011-03-01,6,37,179,20.7
2011-03-01,7,36,179,20.1
2011-03-01,8,43,179,24.0
2011-04-01,0,106,106,100.0
2011-04-01,1,26,106,24.5
2011-04-01,2,21,106,19.8
2011-04-01,3,21,106,19.8
2011-04-01,4,19,106,17.9
2011-04-01,5,25,106,23.6
2011-04-01,6,19,106,17.9
2011-04-01,7,27,106,25.5
2011-05-01,0,111,111,100.0
2011-05-01,1,26,111,23.4
2011-05-01,2,27,111,24.3
2011-05-01,3,18,111,16.2
2011-05-01,4,24,111,21.6
2011-05-01,5,23,111,20.7
2011-05-01,6,29,111,26.1
2011-06-01,0,108,108,100.0
2011-06-01,1,25,108,23.1
2011-06-01,2,23,108,21.3
2011-06-01,3,29,108,26.9
2011-06-01,4,22,108,20.4
2011-06-01,5,30,108,27.8
2011-07-01,0,101,101,100.0
2011-07-01,1,21,101,20.8
2011-07-01,2,30,101,29.7
2011-07-01,3,28,101,27.7
2011-07-01,4,35,101,34.7
2011-08-01,0,107,107,100.0
2011-08-01,1,28,107,26.2
2011-08-01,2,32,107,29.9
2011-08-01,3,28,107,26.2
2011-09-01,0,188,188,100.0
2011-09-01,1,51,188,27.1
2011-09-01,2,71,188,37.8
2011-10-01,0,221,221,100.0
2011-10-01,1,70,221,31.7
2011-11-01,0,191,191,100.0
