month,revenue,orders,customers,aov,orders_per_customer,revenue_yoy_pct
2009-12-01,677916.0,1497,951,452.85,1.57,
2010-01-01,533713.0,959,701,556.53,1.37,
2010-02-01,497938.0,1093,771,455.57,1.42,
2010-03-01,665974.0,1509,1051,441.33,1.44,
2010-04-01,585127.0,1315,939,444.96,1.4,
2010-05-01,592734.0,1365,965,434.24,1.41,
2010-06-01,628809.0,1479,1034,425.16,1.43,
2010-07-01,581488.0,1362,924,426.94,1.47,
2010-08-01,594561.0,1276,910,465.96,1.4,
2010-09-01,805545.0,1659,1136,485.56,1.46,
2010-10-01,1011572.0,2108,1492,479.87,1.41,
2010-11-01,1155978.0,2570,1606,449.8,1.6,
2010-12-01,565200.0,1394,884,405.45,1.58,-16.6
2011-01-01,562683.0,983,739,572.41,1.33,5.4
2011-02-01,442294.0,992,757,445.86,1.31,-11.2
2011-03-01,583144.0,1312,973,444.47,1.35,-12.4
2011-04-01,454441.0,1139,853,398.98,1.34,-22.3
2011-05-01,659242.0,1544,1054,426.97,1.46,11.2
2011-06-01,653265.0,1390,990,469.97,1.4,3.9
2011-07-01,591604.0,1321,946,447.85,1.4,1.7
2011-08-01,635514.0,1267,933,501.59,1.36,6.9
2011-09-01,938753.0,1739,1259,539.82,1.38,16.5
2011-10-01,1002327.0,1903,1361,526.71,1.4,-0.9
2011-11-01,1136534.0,2642,1660,430.18,1.59,-1.7
